{
    "p": {
        "a": -1.772780E-4,
        "b": -1.120190E-5
    },
    "d": {
        "a": -3.124610E-4,
        "b": -6.187160E-6
    },
    "t": {
        "a": -2.480730E-4,
        "b": -4.943390E-6
    },
    "3He": {
        "a": -9.824110E-5,
        "b": -7.446480E-7
    },
    "4He": {
        "a": -8.952670E-5,
        "b": -5.984310E-7
    }
}